primary_id,time_period,prod_type,capex,opex,total_usd,production
0,6,ammonia_production,0,35.363906,35.363906,0
0,6,biogas,0.024427894,0.026063349,0.050491243,0.001228915
0,6,biomass,0,178.2839704,178.2839704,15.46416983
0,6,coal,0,205.1165283,205.1165283,28.44612361
0,6,coal_ccs,0,0,0,0
0,6,gas,0,2843.822769,2843.822769,231.0990108
0,6,gas_ccs,0,0,0,0
0,6,geothermal,0,0,0,0
0,6,hydrogen_electrolysis,0,0,0,0
0,6,hydrogen_gasification,0,0,0,0
0,6,hydrogen_reformation,0,93.83802923,93.83802923,0
0,6,hydrogen_reformation_ccs,0,0,0,0
0,6,hydropower,0,11.36577885,11.36577885,4.290274874
0,6,natural_gas_liquefaction,0,3616.240583,3616.240583,0
0,6,nuclear,0,204.454005,204.454005,62.32277228
0,6,ocean,0,0,0,0
0,6,oil,0,53.56075338,53.56075338,6.47110471
0,6,solar,12.10117313,1.999365497,14.10053862,1.470541383
0,6,waste_incineration,10.35437378,3041.812965,3052.167338,0.342052383
0,6,wind,0,0,0,0
0,7,ammonia_production,0,35.363906,35.363906,0
0,7,biogas,0.000973931,0.025200663,0.026174594,0.001239033
0,7,biomass,0,168.1310464,168.1310464,14.39983163
0,7,coal,0,202.259202,202.259202,28.33168607
0,7,coal_ccs,0,0,0,0
0,7,gas,0,2610.602868,2610.602868,250.5411246
0,7,gas_ccs,0,0,0,0
0,7,geothermal,0,0,0,0
0,7,hydrogen_electrolysis,0,0,0,0
0,7,hydrogen_gasification,0,0,0,0
0,7,hydrogen_reformation,0,93.84417804,93.84417804,0
0,7,hydrogen_reformation_ccs,0,0,0,0
0,7,hydropower,0,10.72770565,10.72770565,3.259050317
0,7,natural_gas_liquefaction,0,3616.240583,3616.240583,0
0,7,nuclear,0,195.505782,195.505782,56.03593605
0,7,ocean,0,0,0,0
0,7,oil,0,54.68136944,54.68136944,6.523948757
0,7,solar,0,2.412868786,2.412868786,1.816155775
0,7,waste_incineration,0.62124063,3080.077595,3080.698836,0.346355247
0,7,wind,0,0,0,0
0,8,ammonia_production,0,35.363906,35.363906,0
0,8,biogas,0.001318538,0.025680359,0.026998897,0.001252732
0,8,biomass,0,163.4353355,163.4353355,13.97088124
0,8,coal,0,146.2741644,146.2741644,16.98572432
0,8,coal_ccs,0,0,0,0
0,8,gas,0,2441.695556,2441.695556,261.476146
0,8,gas_ccs,0,0,0,0
0,8,geothermal,0,0,0,0
0,8,hydrogen_electrolysis,0,0,0,0
0,8,hydrogen_gasification,0,0,0,0
0,8,hydrogen_reformation,0,93.85928407,93.85928407,0
0,8,hydrogen_reformation_ccs,0,0,0,0
0,8,hydropower,0,10.20007682,10.20007682,2.487772615
0,8,natural_gas_liquefaction,0,3616.240583,3616.240583,0
0,8,nuclear,0,176.7768119,176.7768119,42.90705
0,8,ocean,0,0,0,0
0,8,oil,0,57.10002123,57.10002123,6.338900844
0,8,solar,0,4.331957078,4.331957078,2.372285882
0,8,waste_incineration,0.70683586,3123.614369,3124.321205,0.351250965
0,8,wind,0,0,0,0
0,9,ammonia_production,0,35.363906,35.363906,0
0,9,biogas,0.00118431,0.025815383,0.026999693,0.001265036
0,9,biomass,0,159.6435476,159.6435476,13.64489548
0,9,coal,0,127.668414,127.668414,13.2369553
0,9,coal_ccs,0,0,0,0
0,9,gas,0,2409.856409,2409.856409,264.2432477
0,9,gas_ccs,0,0,0,0
0,9,geothermal,0,0,0,0
0,9,hydrogen_electrolysis,0,0,0,0
0,9,hydrogen_gasification,0,93.87573847,93.87573847,0
0,9,hydrogen_reformation,0,93.85928407,93.85928407,0
0,9,hydrogen_reformation_ccs,0,0,0,0
0,9,hydropower,0,10.0023997,10.0023997,2.517975557
0,9,natural_gas_liquefaction,0,3616.240583,3616.240583,0
0,9,nuclear,0,189.3646151,189.3646151,51.64663272
0,9,ocean,0,0,0,0
0,9,oil,0,45.60533529,45.60533529,4.62801094
0,9,solar,0,12.1651545,12.1651545,0.292891479
0,9,waste_incineration,0.726028028,3168.333264,3169.059292,0.356279612
0,9,wind,0,0,0,0
0,10,ammonia_production,0,35.363906,35.363906,0
0,10,biogas,0.001246767,0.025725822,0.026972589,0.001277989
0,10,biomass,0,143.9986231,143.9986231,11.93005482
0,10,coal,0,90.65678692,90.65678692,5.429983524
0,10,coal_ccs,0,0,0,0
0,10,gas,0,2508.414365,2508.414365,273.5232807
0,10,gas_ccs,0,0,0,0
0,10,geothermal,0,0,0,0
0,10,hydrogen_electrolysis,0,0,0,0
0,10,hydrogen_gasification,0,93.89563876,93.89563876,0
0,10,hydrogen_reformation,0,93.85928407,93.85928407,0
0,10,hydrogen_reformation_ccs,0,0,0,0
0,10,hydropower,0,9.949631682,9.949631682,2.893665994
0,10,natural_gas_liquefaction,0,3616.240583,3616.240583,0
0,10,nuclear,0,189.4084386,189.4084386,51.608605
0,10,ocean,0,0,0,0
0,10,oil,0,47.81032363,47.81032363,4.901008026
0,10,solar,0,12.95835122,12.95835122,1.75231612
0,10,waste_incineration,0.764213348,3215.404141,3216.168355,0.36157274
0,10,wind,0,0,0,0
0,11,ammonia_production,0,35.363906,35.363906,0
0,11,biogas,0.001269578,0.026207095,0.027476673,0.001291179
0,11,biomass,0,143.5287994,143.5287994,11.98725449
0,11,coal,0,90.60413321,90.60413321,5.456018043
0,11,coal_ccs,0,0,0,0
0,11,gas,0,2541.923022,2541.923022,274.8347113
0,11,gas_ccs,0,0,0,0
0,11,geothermal,0,0,0,0
0,11,hydrogen_electrolysis,0,0,0,0
0,11,hydrogen_gasification,0,93.91851184,93.91851184,0
0,11,hydrogen_reformation,0,93.85928407,93.85928407,0
0,11,hydrogen_reformation_ccs,0,0,0,0
0,11,hydropower,0,9.754812173,9.754812173,2.907539923
0,11,natural_gas_liquefaction,0,3616.240583,3616.240583,0
0,11,nuclear,0,189.8135926,189.8135926,51.85604686
0,11,ocean,0,0,0,0
0,11,oil,0,47.71617062,47.71617062,4.924506326
0,11,solar,0,12.66238207,12.66238207,1.761706263
0,11,waste_incineration,0.791230706,3264.139123,3264.930354,0.367052997
0,11,wind,0,0,0,0
0,12,ammonia_production,0,41.25789033,41.25789033,0
0,12,biogas,0.001285521,0.026842837,0.028128358,0.001304535
0,12,biomass,0,144.7146628,144.7146628,12.23551814
0,12,coal,0,91.03601205,91.03601205,5.569015641
0,12,coal_ccs,0,0,0,0
0,12,gas,0,2880.728977,2880.728977,280.5267127
0,12,gas_ccs,0,0,0,0
0,12,geothermal,0,0,0,0
0,12,hydrogen_electrolysis,0,0,0,0
0,12,hydrogen_gasification,0,109.5027566,109.5027566,0
0,12,hydrogen_reformation,0,93.85928407,93.85928407,0
0,12,hydrogen_reformation_ccs,0,0,0,0
0,12,hydropower,0,9.583365549,9.583365549,2.967756921
0,12,natural_gas_liquefaction,0,3616.240583,3616.240583,0
0,12,nuclear,0,191.4594385,191.4594385,52.93001852
0,12,ocean,0,0,0,0
0,12,oil,0,50.00545985,50.00545985,5.02649598
0,12,solar,0,12.37317287,12.37317287,1.804657615
0,12,waste_incineration,0.813547384,3314.248676,3315.062223,0.372687825
0,12,wind,0,0,0,0
0,13,ammonia_production,0,41.25789033,41.25789033,0
0,13,biogas,0.001296314,0.027467169,0.028763484,0.001318003
0,13,biomass,0,145.0621446,145.0621446,12.38323387
0,13,coal,0,91.30400134,91.30400134,5.636248694
0,13,coal_ccs,0,0,0,0
0,13,gas,0,3207.219004,3207.219004,283.9134274
0,13,gas_ccs,0,0,0,0
0,13,geothermal,0,0,0,0
0,13,hydrogen_electrolysis,0,0,0,0
0,13,hydrogen_gasification,0,109.5273032,109.5273032,0
0,13,hydrogen_reformation,0,93.85928407,93.85928407,0
0,13,hydrogen_reformation_ccs,0,0,0,0
0,13,hydropower,0,9.406501803,9.406501803,3.003585758
0,13,natural_gas_liquefaction,0,4068.270656,4068.270656,0
0,13,nuclear,0,192.4309486,192.4309486,53.56902673
0,13,ocean,0,0,0,0
0,13,oil,0,52.48814914,52.48814914,5.087179355
0,13,solar,0,12.09056921,12.09056921,1.829361914
0,13,waste_incineration,0.831934119,3365.490739,3366.322673,0.378450004
0,13,wind,0,0,0,0
0,14,ammonia_production,0,41.25789033,41.25789033,0
0,14,biogas,0.001303622,0.028177645,0.029481266,0.001331547
0,14,biomass,755.5349288,131.5575221,887.0924509,12.59292612
0,14,coal,0,91.78681611,91.78681611,5.731690458
0,14,coal_ccs,0,0,0,0
0,14,gas,7668.775481,3076.985564,10745.76104,288.7210929
0,14,gas_ccs,0,0,0,0
0,14,geothermal,0,0,0,0
0,14,hydrogen_electrolysis,0,0,0,0
0,14,hydrogen_gasification,0,109.55222,109.55222,0
0,14,hydrogen_reformation,0,93.85928407,93.85928407,0
0,14,hydrogen_reformation_ccs,0,0,0,0
0,14,hydropower,0,9.240106049,9.240106049,3.054447163
0,14,natural_gas_liquefaction,0,4853.375519,4853.375519,0
0,14,nuclear,0,193.8423136,193.8423136,54.47614114
0,14,ocean,0,0,0,0
0,14,oil,0,54.36642078,54.36642078,5.17332342
0,14,solar,0,11.81442023,11.81442023,1.864831773
0,14,waste_incineration,0.847829143,3417.711839,3418.559668,0.384322275
0,14,wind,0,0,0,0
0,15,ammonia_production,0,56.5822496,56.5822496,0
0,15,biogas,0.00130829,0.030007925,0.031316215,0.001345139
0,15,biomass,136.7506403,138.691486,275.4421263,13.33106085
0,15,coal,0,93.47637463,93.47637463,6.067653657
0,15,coal_ccs,0,0,0,0
0,15,gas,2043.09795,3211.035797,5254.133748,305.644488
0,15,gas_ccs,0,0,0,0
0,15,geothermal,0,0,0,0
0,15,hydrogen_electrolysis,0,0,0,0
0,15,hydrogen_gasification,0,152.3908869,152.3908869,0
0,15,hydrogen_reformation,0,93.85928407,93.85928407,0
0,15,hydrogen_reformation_ccs,0,15.6423269,15.6423269,0
0,15,hydropower,0,9.129964029,9.129964029,3.23348367
0,15,natural_gas_liquefaction,0,5709.853552,5709.853552,0
0,15,nuclear,0,198.5608165,198.5608165,57.6692617
0,15,ocean,0,0,0,0
0,15,oil,0,58.07556762,58.07556762,5.476557919
0,15,solar,0,11.54457849,11.54457849,1.991798803
0,15,waste_incineration,0.861886196,3470.798767,3471.660653,0.390291909
0,15,wind,0,0,0,0
0,16,ammonia_production,0,80.15818693,80.15818693,0
0,16,biogas,0.001311821,0.03073693,0.032048751,0.001358768
0,16,biomass,179.217191,148.3847415,327.6019325,14.32102682
0,16,coal,0,72.63929018,72.63929018,6.518238251
0,16,coal_ccs,0,0,0,0
0,16,gas,1184.876444,3578.53791,4763.414355,328.3416796
0,16,gas_ccs,0,0,0,0
0,16,geothermal,0,0,0,0
0,16,hydrogen_electrolysis,0,0,0,0
0,16,hydrogen_gasification,0,210.55136,210.55136,0
0,16,hydrogen_reformation,0,93.85928407,93.85928407,0
0,16,hydrogen_reformation_ccs,0,21.61227136,21.61227136,0
0,16,hydropower,0,9.048768331,9.048768331,3.473602505
0,16,natural_gas_liquefaction,0,6713.836135,6713.836135,0
0,16,nuclear,0,204.8088845,204.8088845,61.95178709
0,16,ocean,0,0,0,0
0,16,oil,0,62.88401708,62.88401708,5.883247682
0,16,solar,0,11.28089996,11.28089996,2.16681473
0,16,waste_incineration,0.875387446,3524.71729,3525.592678,0.396355056
0,16,wind,0,0,0,0
0,17,ammonia_production,0,80.15818693,80.15818693,0
0,17,biogas,0.001316243,0.031333104,0.032649347,0.001372443
0,17,biomass,15.23810012,148.6815577,163.9196578,14.40716699
0,17,coal,0,72.9005755,72.9005755,6.55744509
0,17,coal_ccs,0,0,0,0
0,17,gas,235.7989095,3524.887599,3760.686508,330.3166364
0,17,gas_ccs,0,0,0,0
0,17,geothermal,0,0,0,0
0,17,hydrogen_electrolysis,0,0,0,0
0,17,hydrogen_gasification,0,210.55136,210.55136,0
0,17,hydrogen_reformation,0,93.85928407,93.85928407,0
0,17,hydrogen_reformation_ccs,0,21.61227136,21.61227136,0
0,17,hydropower,0,8.882743301,8.882743301,3.49449603
0,17,natural_gas_liquefaction,0,6713.836135,6713.836135,0
0,17,nuclear,0,205.4666174,205.4666174,62.32442363
0,17,ocean,0,0,0,0
0,17,oil,0,64.71635907,64.71635907,5.918635088
0,17,solar,0,11.02324385,11.02324385,2.180007013
0,17,waste_incineration,0.890091492,3579.541493,3580.431584,0.402520047
0,17,wind,0,0,0,0
0,18,ammonia_production,0,80.15818693,80.15818693,0
0,18,biogas,0.001322111,0.032479367,0.033801478,0.001386179
0,18,biomass,15.56727457,149.0252104,164.5924849,14.4972249
0,18,coal,0,42.60061245,42.60061245,6.598435091
0,18,coal_ccs,0,0,0,0
0,18,gas,1034.993948,3523.323522,4558.31747,332.3814161
0,18,gas_ccs,0,0,0,0
0,18,geothermal,0,0,0,0
0,18,hydrogen_electrolysis,0,0,0,0
0,18,hydrogen_gasification,0,210.55136,210.55136,0
0,18,hydrogen_reformation,0,93.85928407,93.85928407,0
0,18,hydrogen_reformation_ccs,0,21.61227136,21.61227136,0
0,18,hydropower,0,8.721089203,8.721089203,3.516339811
0,18,natural_gas_liquefaction,0,6713.836135,6713.836135,0
0,18,nuclear,0,206.1503449,206.1503449,62.71400801
0,18,ocean,0,0,0,0
0,18,oil,268.0068728,57.54644134,325.5533141,5.955631945
0,18,solar,0,10.77147261,10.77147261,2.193637106
0,18,waste_incineration,0.906343746,3635.366735,3636.273079,0.408797605
0,18,wind,0,0,0,0
0,19,ammonia_production,0,80.15818693,80.15818693,0
0,19,biogas,0.001330257,0.03346481,0.034795067,0.001399999
0,19,biomass,15.99211612,149.4223584,165.4144745,14.591903
0,19,coal,0,42.93042418,42.93042418,6.641527979
0,19,coal_ccs,0,0,0,0
0,19,gas,138.0358043,3499.964318,3638.000123,334.552124
0,19,gas_ccs,0,0,0,0
0,19,geothermal,0,0,0,0
0,19,hydrogen_electrolysis,0,0,0,0
0,19,hydrogen_gasification,0,210.55136,210.55136,0
0,19,hydrogen_reformation,0,93.85928407,93.85928407,0
0,19,hydrogen_reformation_ccs,0,21.61227136,21.61227136,0
0,19,hydropower,0,8.563784109,8.563784109,3.539304232
0,19,natural_gas_liquefaction,0,6713.836135,6713.836135,0
0,19,nuclear,0,206.8043876,206.8043876,63.12357902
0,19,ocean,0,0,0,0
0,19,oil,2.062628147,58.56711895,60.6297471,5.994526831
0,19,solar,0,10.52545183,10.52545183,2.20779288
0,19,waste_incineration,0.924797033,3692.328587,3693.253384,0.415202975
0,19,wind,0,0,0,0
0,20,ammonia_production,0,80.15818693,80.15818693,0
0,20,biogas,0.001340068,0.034994211,0.036334279,0.001413922
0,20,biomass,396.2668169,149.8765526,546.1433694,14.69160767
0,20,coal,0,43.28822053,43.28822053,6.68690872
0,20,coal_ccs,0,0,0,0
0,20,gas,146.2682627,3477.783739,3624.052002,336.8380774
0,20,gas_ccs,0,0,0,0
0,20,geothermal,0,0,0,0
0,20,hydrogen_electrolysis,0,0,0,0
0,20,hydrogen_gasification,0,210.55136,210.55136,0
0,20,hydrogen_reformation,0,93.85928407,93.85928407,0
0,20,hydrogen_reformation_ccs,0,21.61227136,21.61227136,0
0,20,hydropower,0,8.410779042,8.410779042,3.56348786
0,20,natural_gas_liquefaction,0,6713.836135,6713.836135,0
0,20,nuclear,0,207.551441,207.551441,63.55489464
0,20,ocean,0,0,0,0
0,20,oil,1.907965352,59.7074868,61.61545215,6.035486693
0,20,solar,0,10.28505018,10.28505018,2.222513384
0,20,waste_incineration,0.944828891,3750.524279,3751.469108,0.42174709
0,20,wind,0,0,0,0
0,21,ammonia_production,0,97.84013993,97.84013993,0
0,21,biogas,0.001352014,0.035378415,0.036730429,0.001427969
0,21,biomass,125.6230999,157.2393006,282.8624004,15.47050779
0,21,coal,0,45.10078982,45.10078982,7.041426356
0,21,coal_ccs,0,0,0,0
0,21,gas,1607.019977,3598.880757,5205.900733,354.6961107
0,21,gas_ccs,0,0,0,0
0,21,geothermal,0,0,0,0
0,21,hydrogen_electrolysis,0,0,0,0
0,21,hydrogen_gasification,0,253.8026248,253.8026248,0
0,21,hydrogen_reformation,0,93.85928407,93.85928407,0
0,21,hydrogen_reformation_ccs,0,26.05184407,26.05184407,0
0,21,hydropower,0,8.328304105,8.328304105,3.752412122
0,21,natural_gas_liquefaction,0,7427.567829,7427.567829,0
0,21,nuclear,3577.328767,216.151571,3793.480338,66.92436355
0,21,ocean,0,0,0,0
0,21,oil,14.90516369,63.09744487,78.00260856,6.355468102
0,21,solar,0,10.05013931,10.05013931,2.359321636
0,21,waste_incineration,0.96677345,3810.071622,3811.038396,0.428443199
0,21,wind,0,0,0,0
0,22,ammonia_production,0,97.84013993,97.84013993,0
0,22,biogas,0.024011149,0.035979551,0.0599907,0.001442162
0,22,biomass,17.45986065,157.7913465,175.2512071,15.58129443
0,22,coal,665.192553,40.55562544,705.7481784,7.09185107
0,22,coal_ccs,0,0,0,0
0,22,gas,411.9158101,3585.741779,3997.657589,357.2361429
0,22,gas_ccs,0,0,0,0
0,22,geothermal,0,0,0,0
0,22,hydrogen_electrolysis,0,0,0,0
0,22,hydrogen_gasification,0,253.8026248,253.8026248,0
0,22,hydrogen_reformation,0,93.85928407,93.85928407,0
0,22,hydrogen_reformation_ccs,0,26.05184407,26.05184407,0
0,22,hydropower,0,8.183741522,8.183741522,3.77928371
0,22,natural_gas_liquefaction,0,7427.567829,7427.567829,0
0,22,nuclear,850.7159781,217.7637343,1068.479712,67.40361899
0,22,ocean,0,0,0,0
0,22,oil,2.120031679,63.39881603,65.51884771,6.400980566
0,22,solar,0,9.820593812,9.820593812,2.375425959
0,22,waste_incineration,0.990641652,3871.089101,3872.079743,0.435304625
0,22,wind,0,0,0,0
0,23,ammonia_production,0,97.84013993,97.84013993,0
0,23,biogas,0.024602783,0.037434217,0.062037,0.001456521
0,23,biomass,17.97107301,158.4080614,176.3791345,15.69799015
0,23,coal,4.981943355,41.00850904,45.99045239,7.144965315
0,23,coal_ccs,0,0,0,0
0,23,gas,132.5466806,3571.90888,3704.455561,359.9116543
0,23,gas_ccs,0,0,0,0
0,23,geothermal,0,0,0,0
0,23,hydrogen_electrolysis,0,0,0,0
0,23,hydrogen_gasification,0,253.8026248,253.8026248,0
0,23,hydrogen_reformation,0,93.85928407,93.85928407,0
0,23,hydrogen_reformation_ccs,0,26.05184407,26.05184407,0
0,23,hydropower,0,8.043310931,8.043310931,3.807588563
0,23,natural_gas_liquefaction,0,7427.567829,7427.567829,0
0,23,nuclear,896.0910879,219.5241719,1115.61526,67.90843675
0,23,ocean,0,0,0,0
0,23,oil,2.233108985,65.44856544,67.68167443,6.448920553
0,23,solar,14.86860495,9.744977189,24.61358214,2.392195807
0,23,waste_incineration,1.015958272,3933.665929,3934.681887,0.4423414
0,23,wind,0,0,0,0
0,24,ammonia_production,0,97.84013993,97.84013993,0
0,24,biogas,0.025033006,0.039001073,0.064034079,0.001471057
0,24,biomass,18.47810213,159.0906875,177.5687896,15.82078288
0,24,coal,5.242234848,41.48726771,46.72950256,7.200854619
0,24,coal_ccs,0,0,0,0
0,24,gas,136.2490929,3561.248042,3697.497135,362.726953
0,24,gas_ccs,0,0,0,0
0,24,geothermal,0,0,0,0
0,24,hydrogen_electrolysis,0,0,0,0
0,24,hydrogen_gasification,0,253.8026248,253.8026248,0
0,24,hydrogen_reformation,0,93.85928407,93.85928407,0
0,24,hydrogen_reformation_ccs,0,26.05184407,26.05184407,0
0,24,hydropower,0,7.906949718,7.906949718,3.837372259
0,24,natural_gas_liquefaction,0,7427.567829,7427.567829,0
0,24,nuclear,942.9091408,221.371847,1164.280988,68.43962971
0,24,ocean,0,0,0,0
0,24,oil,2.349782185,66.00930341,68.35908559,6.49936526
0,24,solar,18.52667124,9.707668315,28.23433955,2.409658332
0,24,waste_incineration,1.042266575,3997.863187,3998.905454,0.449560392
0,24,wind,0,0,0,0
0,25,ammonia_production,0,97.84013993,97.84013993,0
0,25,biogas,0.025775707,0.040349655,0.066125362,0.001485782
0,25,biomass,417.0586551,159.8402362,576.8988913,15.94983741
0,25,coal,5.509562485,41.99148044,47.50104293,7.259593997
0,25,coal_ccs,0,0,0,0
0,25,gas,144.7140161,3554.300795,3699.014811,365.6858179
0,25,gas_ccs,0,0,0,0
0,25,geothermal,0,0,0,0
0,25,hydrogen_electrolysis,0,0,0,0
0,25,hydrogen_gasification,0,253.8026248,253.8026248,0
0,25,hydrogen_reformation,0,93.85928407,93.85928407,0
0,25,hydrogen_reformation_ccs,0,26.05184407,26.05184407,0
0,25,hydropower,0,7.774594847,7.774594847,3.868674774
0,25,natural_gas_liquefaction,0,7427.567829,7427.567829,0
0,25,nuclear,990.9927693,223.3092179,1214.301987,68.99791084
0,25,ocean,0,0,0,0
0,25,oil,2.469609269,70.6352851,73.10489437,6.552382393
0,25,solar,15.91988282,9.645143692,25.56502651,2.427829448
0,25,waste_incineration,1.069256589,4063.722866,4064.792123,0.456966325
0,25,wind,0,0,0,0
0,26,ammonia_production,0,109.6281086,109.6281086,0
0,26,biogas,0.025864178,0.041198486,0.067062664,0.001500705
0,26,biomass,589.7563367,164.3472297,754.1035663,16.45471801
0,26,coal,21.55423052,43.47351623,65.02774675,7.489391207
0,26,coal_ccs,0,0,0,0
0,26,gas,487.6602569,3639.150659,4126.810916,377.2613386
0,26,gas_ccs,0,0,0,0
0,26,geothermal,0,0,0,0
0,26,hydrogen_electrolysis,0,0,0,0
0,26,hydrogen_gasification,0,282.5418776,282.5418776,0
0,26,hydrogen_reformation,0,93.85928407,93.85928407,0
0,26,hydrogen_reformation_ccs,0,29.00181566,29.00181566,0
0,26,hydropower,0,7.682522387,7.682522387,3.991134882
0,26,natural_gas_liquefaction,0,7427.567829,7427.567829,0
0,26,nuclear,3876.911579,230.5136541,4107.425233,71.18198992
0,26,ocean,0,0,0,0
0,26,oil,9.661479951,74.26860107,83.93008102,6.75979333
0,26,solar,13.68321457,9.561680451,23.24489502,2.513682003
0,26,waste_incineration,1.096625643,4131.268312,4132.364937,0.464561821
0,26,wind,0,0,0,0
0,27,ammonia_production,0,109.6281086,109.6281086,0
0,27,biogas,0.00243036,0.043470572,0.045900932,0.001515836
0,27,biomass,20.24636263,165.2427333,185.489096,16.59891801
0,27,coal,6.156148971,44.02429288,50.18044185,7.55502407
0,27,coal_ccs,0,0,0,0
0,27,gas,338.9335515,3644.640275,3983.573827,380.5674473
0,27,gas_ccs,0,0,0,0
0,27,geothermal,0,0,0,0
0,27,hydrogen_electrolysis,0,0,0,0
0,27,hydrogen_gasification,0,282.5418776,282.5418776,0
0,27,hydrogen_reformation,0,93.85928407,93.85928407,0
0,27,hydrogen_reformation_ccs,0,29.00181566,29.00181566,0
0,27,hydropower,0,7.55820757,7.55820757,4.026110971
0,27,natural_gas_liquefaction,0,7427.567829,7427.567829,0
0,27,nuclear,1107.292845,232.6706814,1339.963526,71.80578933
0,27,ocean,0,0,0,0
0,27,oil,2.759435545,76.01601241,78.77544796,6.819032403
0,27,solar,13.9548095,9.482839463,23.43764896,2.533717614
0,27,waste_incineration,10.42202825,4200.543156,4210.965185,0.472351789
0,27,wind,0,0,0,0
0,28,ammonia_production,0,109.6281086,109.6281086,0
0,28,biogas,0.0027957,0.044537011,0.047332711,0.001531183
0,28,biomass,20.75908559,166.211851,186.9709366,16.75022564
0,28,coal,6.459585668,44.62631967,51.08590534,7.623891978
0,28,coal_ccs,0,0,0,0
0,28,gas,170.471606,3666.556854,3837.02846,384.0365142
0,28,gas_ccs,0,0,0,0
0,28,geothermal,0,0,0,0
0,28,hydrogen_electrolysis,0,0,0,0
0,28,hydrogen_gasification,0,282.5418776,282.5418776,0
0,28,hydrogen_reformation,0,93.85928407,93.85928407,0
0,28,hydrogen_reformation_ccs,0,29.00181566,29.00181566,0
0,28,hydropower,0,7.437755254,7.437755254,4.062811031
0,28,natural_gas_liquefaction,0,7427.567829,7427.567829,0
0,28,nuclear,1161.871329,234.9297755,1396.801105,72.46033582
0,28,ocean,0,0,0,0
0,28,oil,2.895448175,78.43209591,81.32754409,6.88119137
0,28,solar,14.35518173,9.409802928,23.76498466,2.554562153
0,28,waste_incineration,10.85143442,4271.55258,4282.404014,0.480336811
0,28,wind,0,0,0,0
0,29,ammonia_production,0,109.6281086,109.6281086,0
0,29,biogas,0.002682698,0.045565171,0.048247868,0.00154675
0,29,biomass,21.25630296,167.255313,188.5116159,16.90877871
0,29,coal,6.768906377,45.16666216,51.93556854,7.696057662
0,29,coal_ccs,0,0,0,0
0,29,gas,178.5804958,3679.852742,3858.433237,387.6716993
0,29,gas_ccs,0,0,0,0
0,29,geothermal,0,0,0,0
0,29,hydrogen_electrolysis,0,0,0,0
0,29,hydrogen_gasification,0,282.5418776,282.5418776,0
0,29,hydrogen_reformation,0,93.85928407,93.85928407,0
0,29,hydrogen_reformation_ccs,0,29.00181566,29.00181566,0
0,29,hydropower,0,7.321106746,7.321106746,4.101268493
0,29,natural_gas_liquefaction,0,7427.567829,7427.567829,0
0,29,nuclear,1217.508158,237.2930467,1454.801205,73.14622562
0,29,ocean,0,0,0,0
0,29,oil,3.034098257,79.92108051,82.95517876,6.946326853
0,29,solar,14.61173893,9.341000121,23.95273905,2.576230688
0,29,waste_incineration,11.02406657,4344.284323,4355.308389,0.488515508
0,29,wind,0,0,0,0
0,30,ammonia_production,0,109.6281086,109.6281086,0
0,30,biogas,0.002766482,0.046668017,0.049434499,0.001562539
0,30,biomass,21.71449971,168.3720884,190.0865881,17.07453541
0,30,coal,7.076441766,45.8514436,52.92788537,7.771502089
0,30,coal_ccs,0,0,0,0
0,30,gas,1453.003215,3710.856922,5163.860137,391.4720436
0,30,gas_ccs,0,0,0,0
0,30,geothermal,0,0,0,0
0,30,hydrogen_electrolysis,0,0,0,0
0,30,hydrogen_gasification,0,282.5418776,282.5418776,0
0,30,hydrogen_reformation,0,93.85928407,93.85928407,0
0,30,hydrogen_reformation_ccs,0,29.00181566,29.00181566,0
0,30,hydropower,0,7.208187332,7.208187332,4.141473215
0,30,natural_gas_liquefaction,0,7427.567829,7427.567829,0
0,30,nuclear,1272.823866,239.7600869,1512.583953,73.86327782
0,30,ocean,0,0,0,0
0,30,oil,3.171948086,80.74876272,83.9207108,7.014421672
0,30,solar,56.09145006,9.27650919,65.36795925,2.598722351
0,30,waste_incineration,11.39959798,4418.697863,4430.097461,0.496883323
0,30,wind,0,0,0,0
0,31,ammonia_production,0,109.6281086,109.6281086,0
0,31,biogas,0.002810639,0.047780989,0.050591627,0.001578549
0,31,biomass,22.14191667,169.5616848,191.7036015,17.24750542
0,31,coal,7.384390489,46.49577956,53.88017005,7.850229666
0,31,coal_ccs,0,0,0,0
0,31,gas,194.6147606,3731.298101,3925.912862,395.4377693
0,31,gas_ccs,0,0,0,0
0,31,geothermal,0,0,0,0
0,31,hydrogen_electrolysis,0,0,0,0
0,31,hydrogen_gasification,0,282.5418776,282.5418776,0
0,31,hydrogen_reformation,0,93.85928407,93.85928407,0
0,31,hydrogen_reformation_ccs,0,29.00181566,29.00181566,0
0,31,hydropower,0,7.098928976,7.098928976,4.183427543
0,31,natural_gas_liquefaction,0,7427.567829,7427.567829,0
0,31,nuclear,1328.213919,242.3312106,1570.54513,74.6115343
0,31,ocean,0,0,0,0
0,31,oil,3.309983188,82.73409597,86.04407916,7.085479804
0,31,solar,26.70502346,9.216028557,35.92105202,2.622038669
0,31,waste_incineration,11.58900512,4494.743616,4506.332621,0.505434681
0,31,wind,0,0,0,0
0,32,ammonia_production,0,109.6281086,109.6281086,0
0,32,biogas,0.002848586,0.052146265,0.054994851,0.001594789
0,32,biomass,22.56105888,170.8253084,193.3863673,17.42786923
0,32,coal,7.700044843,47.17497067,54.87501551,7.932322544
0,32,coal_ccs,0,0,0,0
0,32,gas,202.8361058,3756.622171,3959.458277,399.5730145
0,32,gas_ccs,0,0,0,0
0,32,geothermal,0,0,0,0
0,32,hydrogen_electrolysis,0,0,0,0
0,32,hydrogen_gasification,0,282.5418776,282.5418776,0
0,32,hydrogen_reformation,0,93.85928407,93.85928407,0
0,32,hydrogen_reformation_ccs,0,29.00181566,29.00181566,0
0,32,hydropower,0,6.993282021,6.993282021,4.227175257
0,32,natural_gas_liquefaction,0,7427.567829,7427.567829,0
0,32,nuclear,1384.989967,245.0092051,1629.999172,75.39177588
0,32,ocean,0,0,0,0
0,32,oil,3.451472266,84.44872792,87.90020019,7.159575398
0,32,solar,18.18403388,9.159414582,27.34344847,2.646203545
0,32,waste_incineration,1.882599544,4572.435626,4574.318225,0.51417116
0,32,wind,0,0,0,0
0,33,ammonia_production,0,109.6281086,109.6281086,0
0,33,biogas,0.002881254,0.054106318,0.056987572,0.001611255
0,33,biomass,22.94592862,172.1621196,195.1080482,17.6155976
0,33,coal,8.014450427,47.907872,55.92232242,8.01776741
0,33,coal_ccs,0,0,0,0
0,33,gas,211.0220426,3791.292065,4002.314107,403.8771086
0,33,gas_ccs,0,0,0,0
0,33,geothermal,0,0,0,0
0,33,hydrogen_electrolysis,0,0,0,0
0,33,hydrogen_gasification,0,282.5418776,282.5418776,0
0,33,hydrogen_reformation,0,93.85928407,93.85928407,0
0,33,hydrogen_reformation_ccs,0,29.00181566,29.00181566,0
0,33,hydropower,0,6.891177717,6.891177717,4.272709264
0,33,natural_gas_liquefaction,0,7427.567829,7427.567829,0
0,33,nuclear,1441.541401,247.7936998,1689.335101,76.20387602
0,33,ocean,0,0,0,0
0,33,oil,3.592401596,85.90382731,89.4962289,7.236696438
0,33,solar,24.29172323,9.106351626,33.39807486,2.671215849
0,33,waste_incineration,1.994097052,4651.723057,4653.717154,0.523087046
0,33,wind,0,0,0,0
0,34,ammonia_production,0,109.6281086,109.6281086,0
0,34,biogas,0.0029108,0.054867804,0.057778603,0.001627953
0,34,biomass,23.303582,173.5717656,196.8753476,17.81070839
0,34,coal,8.329618742,48.66459507,56.99421381,8.106572397
0,34,coal_ccs,0,0,0,0
0,34,gas,219.2271039,3811.976955,4031.204059,408.3504613
0,34,gas_ccs,0,0,0,0
0,34,geothermal,0,0,0,0
0,34,hydrogen_electrolysis,0,0,0,0
0,34,hydrogen_gasification,0,282.5418776,282.5418776,0
0,34,hydrogen_reformation,0,93.85928407,93.85928407,0
0,34,hydrogen_reformation_ccs,0,29.00181566,29.00181566,0
0,34,hydropower,0,6.792553453,6.792553453,4.320033895
0,34,natural_gas_liquefaction,0,7427.567829,7427.567829,0
0,34,nuclear,1498.230026,250.6851993,1748.915225,77.047912
0,34,ocean,0,0,0,0
0,34,oil,12.89728103,87.55951401,100.456795,7.316850263
0,34,solar,54.67320676,9.056585432,63.7297922,2.697081259
0,34,waste_incineration,2.038837943,4732.584134,4734.622972,0.532179887
0,34,wind,0,0,0,0
0,35,ammonia_production,0,109.6281086,109.6281086,0
0,35,biogas,0.002937176,0.055924093,0.058861269,0.001644876
0,35,biomass,22.3811874,174.949513,197.3307004,18.00247635
0,35,coal,8.186907787,49.47709344,57.66400122,8.193855892
0,35,coal_ccs,0,0,0,0
0,35,gas,215.6100311,3838.850399,4054.46043,412.7471722
0,35,gas_ccs,0,0,0,0
0,35,geothermal,0,0,0,0
0,35,hydrogen_electrolysis,0,0,0,0
0,35,hydrogen_gasification,0,282.5418776,282.5418776,0
0,35,hydrogen_reformation,0,93.85928407,93.85928407,0
0,35,hydrogen_reformation_ccs,0,29.00181566,29.00181566,0
0,35,hydropower,0,6.696291306,6.696291306,4.366547716
0,35,natural_gas_liquefaction,0,7427.567829,7427.567829,0
0,35,nuclear,1472.560923,253.5328402,1726.093763,77.87748715
0,35,ocean,0,0,0,0
0,35,oil,3.669703976,89.16951779,92.83922177,7.395630817
0,35,solar,15.24619802,9.002194715,24.24839274,2.7227678
0,35,waste_incineration,2.101421247,4814.947978,4817.049399,0.541441716
0,35,wind,0,0,0,0
71071,6,ammonia_production,0,35.363906,35.363906,0
71071,6,biogas,0.024427894,0.026063349,0.050491243,0.001228915
71071,6,biomass,0,178.2839704,178.2839704,15.46416983
71071,6,coal,0,205.1165283,205.1165283,28.44612361
71071,6,coal_ccs,0,0,0,0
71071,6,gas,0,2843.822769,2843.822769,231.0990108
71071,6,gas_ccs,0,0,0,0
71071,6,geothermal,0,0,0,0
71071,6,hydrogen_electrolysis,0,0,0,0
71071,6,hydrogen_gasification,0,0,0,0
71071,6,hydrogen_reformation,0,93.83802923,93.83802923,0
71071,6,hydrogen_reformation_ccs,0,0,0,0
71071,6,hydropower,0,11.36577885,11.36577885,4.290274874
71071,6,natural_gas_liquefaction,0,3616.240583,3616.240583,0
71071,6,nuclear,0,204.454005,204.454005,62.32277228
71071,6,ocean,0,0,0,0
71071,6,oil,0,53.56075338,53.56075338,6.47110471
71071,6,solar,12.10117313,1.999365497,14.10053862,1.470541383
71071,6,waste_incineration,10.35437378,3041.812965,3052.167338,0.342052383
71071,6,wind,0,0,0,0
71071,7,ammonia_production,0,35.363906,35.363906,0
71071,7,biogas,0.000973931,0.025200663,0.026174594,0.001239033
71071,7,biomass,0,168.1310464,168.1310464,14.39983163
71071,7,coal,0,202.259202,202.259202,28.33168607
71071,7,coal_ccs,0,0,0,0
71071,7,gas,0,2610.602868,2610.602868,250.5411246
71071,7,gas_ccs,0,0,0,0
71071,7,geothermal,0,0,0,0
71071,7,hydrogen_electrolysis,0,0,0,0
71071,7,hydrogen_gasification,0,0,0,0
71071,7,hydrogen_reformation,0,93.84417804,93.84417804,0
71071,7,hydrogen_reformation_ccs,0,0,0,0
71071,7,hydropower,0,10.72770565,10.72770565,3.259050317
71071,7,natural_gas_liquefaction,0,3616.240583,3616.240583,0
71071,7,nuclear,0,195.505782,195.505782,56.03593605
71071,7,ocean,0,0,0,0
71071,7,oil,0,54.68136944,54.68136944,6.523948757
71071,7,solar,0,2.412868786,2.412868786,1.816155775
71071,7,waste_incineration,0.62124063,3080.077595,3080.698836,0.346355247
71071,7,wind,0,0,0,0
71071,8,ammonia_production,0,35.363906,35.363906,0
71071,8,biogas,0.001318538,0.025680359,0.026998897,0.001252732
71071,8,biomass,0,163.4353355,163.4353355,13.97088124
71071,8,coal,0,146.2741644,146.2741644,16.98572432
71071,8,coal_ccs,0,0,0,0
71071,8,gas,0,2441.695556,2441.695556,261.476146
71071,8,gas_ccs,0,0,0,0
71071,8,geothermal,0,0,0,0
71071,8,hydrogen_electrolysis,0,0,0,0
71071,8,hydrogen_gasification,0,0,0,0
71071,8,hydrogen_reformation,0,93.85928407,93.85928407,0
71071,8,hydrogen_reformation_ccs,0,0,0,0
71071,8,hydropower,0,10.20007682,10.20007682,2.487772615
71071,8,natural_gas_liquefaction,0,3616.240583,3616.240583,0
71071,8,nuclear,0,176.7768119,176.7768119,42.90705
71071,8,ocean,0,0,0,0
71071,8,oil,0,57.10002123,57.10002123,6.338900844
71071,8,solar,0,4.331957078,4.331957078,2.372285882
71071,8,waste_incineration,0.70683586,3123.614369,3124.321205,0.351250965
71071,8,wind,0,0,0,0
71071,9,ammonia_production,0,35.363906,35.363906,0
71071,9,biogas,0.00118431,0.025815383,0.026999693,0.001265036
71071,9,biomass,0,159.6435476,159.6435476,13.64489548
71071,9,coal,0,127.668414,127.668414,13.2369553
71071,9,coal_ccs,0,0,0,0
71071,9,gas,0,2409.856409,2409.856409,264.2432477
71071,9,gas_ccs,0,0,0,0
71071,9,geothermal,0,0,0,0
71071,9,hydrogen_electrolysis,0,0,0,0
71071,9,hydrogen_gasification,0,93.87573847,93.87573847,0
71071,9,hydrogen_reformation,0,93.85928407,93.85928407,0
71071,9,hydrogen_reformation_ccs,0,0,0,0
71071,9,hydropower,0,10.0023997,10.0023997,2.517975557
71071,9,natural_gas_liquefaction,0,3616.240583,3616.240583,0
71071,9,nuclear,0,189.3646151,189.3646151,51.64663272
71071,9,ocean,0,0,0,0
71071,9,oil,0,45.60533529,45.60533529,4.62801094
71071,9,solar,0,12.1651545,12.1651545,0.292891479
71071,9,waste_incineration,0.726028028,3168.333264,3169.059292,0.356279612
71071,9,wind,0,0,0,0
71071,10,ammonia_production,0,35.363906,35.363906,0
71071,10,biogas,0.001246767,0.025725822,0.026972589,0.001277989
71071,10,biomass,0,143.9986231,143.9986231,11.93005482
71071,10,coal,0,90.65678692,90.65678692,5.429983524
71071,10,coal_ccs,0,0,0,0
71071,10,gas,0,2508.414365,2508.414365,273.5232807
71071,10,gas_ccs,0,0,0,0
71071,10,geothermal,0,0,0,0
71071,10,hydrogen_electrolysis,0,0,0,0
71071,10,hydrogen_gasification,0,93.89563876,93.89563876,0
71071,10,hydrogen_reformation,0,93.85928407,93.85928407,0
71071,10,hydrogen_reformation_ccs,0,0,0,0
71071,10,hydropower,0,9.949631682,9.949631682,2.893665994
71071,10,natural_gas_liquefaction,0,3616.240583,3616.240583,0
71071,10,nuclear,0,189.4084386,189.4084386,51.608605
71071,10,ocean,0,0,0,0
71071,10,oil,0,47.81032363,47.81032363,4.901008026
71071,10,solar,0,12.95835122,12.95835122,1.75231612
71071,10,waste_incineration,0.764213348,3215.404141,3216.168355,0.36157274
71071,10,wind,0,0,0,0
71071,11,ammonia_production,0,35.363906,35.363906,0
71071,11,biogas,0.001269578,0.026207095,0.027476673,0.001291179
71071,11,biomass,0,143.5287994,143.5287994,11.98725449
71071,11,coal,0,90.60413321,90.60413321,5.456018043
71071,11,coal_ccs,0,0,0,0
71071,11,gas,0,2541.923022,2541.923022,274.8347113
71071,11,gas_ccs,0,0,0,0
71071,11,geothermal,0,0,0,0
71071,11,hydrogen_electrolysis,0,0,0,0
71071,11,hydrogen_gasification,0,93.91851184,93.91851184,0
71071,11,hydrogen_reformation,0,93.85928407,93.85928407,0
71071,11,hydrogen_reformation_ccs,0,0,0,0
71071,11,hydropower,0,9.754812173,9.754812173,2.907539923
71071,11,natural_gas_liquefaction,0,3616.240583,3616.240583,0
71071,11,nuclear,0,189.8135926,189.8135926,51.85604686
71071,11,ocean,0,0,0,0
71071,11,oil,0,47.71617062,47.71617062,4.924506326
71071,11,solar,0,12.66238207,12.66238207,1.761706263
71071,11,waste_incineration,0.791230706,3264.139123,3264.930354,0.367052997
71071,11,wind,0,0,0,0
71071,12,ammonia_production,0,41.25789033,41.25789033,0
71071,12,biogas,0.001285521,0.026842837,0.028128358,0.001304535
71071,12,biomass,0,144.7146628,144.7146628,12.23551814
71071,12,coal,0,91.03601205,91.03601205,5.569015641
71071,12,coal_ccs,0,0,0,0
71071,12,gas,0,2880.728977,2880.728977,280.5267127
71071,12,gas_ccs,0,0,0,0
71071,12,geothermal,0,0,0,0
71071,12,hydrogen_electrolysis,0,0,0,0
71071,12,hydrogen_gasification,0,109.5027566,109.5027566,0
71071,12,hydrogen_reformation,0,93.85928407,93.85928407,0
71071,12,hydrogen_reformation_ccs,0,0,0,0
71071,12,hydropower,0,9.583365549,9.583365549,2.967756921
71071,12,natural_gas_liquefaction,0,3616.240583,3616.240583,0
71071,12,nuclear,0,191.4594385,191.4594385,52.93001852
71071,12,ocean,0,0,0,0
71071,12,oil,0,50.00545985,50.00545985,5.02649598
71071,12,solar,0,12.37317287,12.37317287,1.804657615
71071,12,waste_incineration,0.813547384,3314.248676,3315.062223,0.372687825
71071,12,wind,0,0,0,0
71071,13,ammonia_production,0,41.25789033,41.25789033,0
71071,13,biogas,4.441248264,0.988780166,5.43002843,0.047446289
71071,13,biomass,0,140.3862695,140.3862695,11.83641077
71071,13,coal,0,90.15370644,90.15370644,5.387361285
71071,13,coal_ccs,0,0,0,0
71071,13,gas,0,3076.007143,3076.007143,271.3762806
71071,13,gas_ccs,0,0,0,0
71071,13,geothermal,0,0,0,0
71071,13,hydrogen_electrolysis,0,5.257372711,5.257372711,0
71071,13,hydrogen_gasification,0,124.655074,124.655074,0
71071,13,hydrogen_reformation,0,93.85928407,93.85928407,0
71071,13,hydrogen_reformation_ccs,0,0,0,0
71071,13,hydropower,0,10.18955094,10.18955094,4.934391862
71071,13,natural_gas_liquefaction,0,4068.270656,4068.270656,0
71071,13,nuclear,0,202.4727917,202.4727917,60.53594598
71071,13,ocean,0,0,0,0
71071,13,oil,0,50.6990054,50.6990054,4.862537939
71071,13,solar,0,12.09056921,12.09056921,10.45375066
71071,13,waste_incineration,0.568776901,3349.281861,3349.850638,0.376627312
71071,13,wind,0,0,0,0
71071,14,ammonia_production,0,41.25789033,41.25789033,0
71071,14,biogas,4.631938346,2.022395816,6.654334161,0.095569192
71071,14,biomass,541.3826543,119.7574773,661.1401317,11.4634043
71071,14,coal,0,89.40701761,89.40701761,5.217586796
71071,14,coal_ccs,0,0,0,0
71071,14,gas,7513.080806,2809.804299,10322.8851,262.8242703
71071,14,gas_ccs,0,0,0,0
71071,14,geothermal,0,0,0,0
71071,14,hydrogen_electrolysis,0,11.94428509,11.94428509,0
71071,14,hydrogen_gasification,0,138.6165717,138.6165717,0
71071,14,hydrogen_reformation,0,93.85928407,93.85928407,0
71071,14,hydrogen_reformation_ccs,0,0,0,0
71071,14,hydropower,0,10.00252807,10.00252807,4.934391862
71071,14,natural_gas_liquefaction,0,4853.375519,4853.375519,0
71071,14,nuclear,0,208.899802,208.899802,64.90905606
71071,14,ocean,0,0,0,0
71071,14,oil,0,50.56381961,50.56381961,4.709302458
71071,14,solar,1704.362045,28.85804067,1733.220085,25.53445332
71071,14,waste_incineration,0.581816883,3385.118229,3385.700046,0.380657118
71071,14,wind,0,0,0,0
71071,15,ammonia_production,0,56.5822496,56.5822496,0
71071,15,biogas,4.813139389,3.247540247,8.060679636,0.145574658
71071,15,biomass,10.41762385,119.8460754,130.2636992,11.51963519
71071,15,coal,0,89.64160842,89.64160842,5.243180374
71071,15,coal_ccs,0,0,0,0
71071,15,gas,1959.947413,2789.099554,4749.046967,264.1134896
71071,15,gas_ccs,0,0,0,0
71071,15,geothermal,0,0,0,0
71071,15,hydrogen_electrolysis,0,26.50625227,26.50625227,0
71071,15,hydrogen_gasification,0,186.9564918,186.9564918,0
71071,15,hydrogen_reformation,0,93.85928407,93.85928407,0
71071,15,hydrogen_reformation_ccs,0,20.5507321,20.5507321,0
71071,15,hydropower,0,9.819776796,9.819776796,4.934391862
71071,15,natural_gas_liquefaction,0,5709.853552,5709.853552,0
71071,15,nuclear,0,209.0235836,209.0235836,64.90905606
71071,15,ocean,0,0,0,0
71071,15,oil,0,51.71516886,51.71516886,4.732402774
71071,15,solar,2792.99057,56.12882781,2849.119397,50.82530913
71071,15,waste_incineration,0.593070029,3421.647723,3422.240793,0.384764866
71071,15,wind,0,0,0,0
71071,16,ammonia_production,0,80.15818693,80.15818693,0
71071,16,biogas,4.987308571,4.465185219,9.45249379,0.197389633
71071,16,biomass,31.73979754,121.1752286,152.9150262,11.69496056
71071,16,coal,0,67.05706887,67.05706887,5.322979994
71071,16,coal_ccs,0,0,0,0
71071,16,gas,2134.244343,2953.963467,5088.207809,268.133217
71071,16,gas_ccs,0,0,0,0
71071,16,geothermal,0,0,0,0
71071,16,hydrogen_electrolysis,0,48.30655042,48.30655042,0
71071,16,hydrogen_gasification,0,249.5020469,249.5020469,0
71071,16,hydrogen_reformation,0,93.85928407,93.85928407,0
71071,16,hydrogen_reformation_ccs,0,28.08964559,28.08964559,0
71071,16,hydropower,0,9.641199571,9.641199571,4.934391862
71071,16,natural_gas_liquefaction,0,6713.836135,6713.836135,0
71071,16,nuclear,0,209.0854744,209.0854744,64.90905606
71071,16,ocean,0,0,0,0
71071,16,oil,0,53.41887109,53.41887109,4.804428514
71071,16,solar,3296.961606,87.81645968,3384.778066,81.37749442
71071,16,waste_incineration,0.603826058,3458.839722,3459.443548,0.388947113
71071,16,wind,0,0,0,0
71071,17,ammonia_production,0,80.15818693,80.15818693,0
71071,17,biogas,5.156492902,5.729511762,10.88600466,0.250962325
71071,17,biomass,0,115.3371974,115.3371974,11.0687792
71071,17,coal,0,65.78605936,65.78605936,5.037972548
71071,17,coal_ccs,0,0,0,0
71071,17,gas,503.5879145,2749.131226,3252.719141,253.7766041
71071,17,gas_ccs,0,0,0,0
71071,17,geothermal,0,0,0,0
71071,17,hydrogen_electrolysis,0,63.68893302,63.68893302,0
71071,17,hydrogen_gasification,0,256.7924216,256.7924216,0
71071,17,hydrogen_reformation,0,93.85928407,93.85928407,0
71071,17,hydrogen_reformation_ccs,0,29.62744458,29.62744458,0
71071,17,hydropower,0,9.466701055,9.466701055,4.934391862
71071,17,natural_gas_liquefaction,0,6713.836135,6713.836135,0
71071,17,nuclear,1491.847168,211.91809,1703.765259,65.74949622
71071,17,ocean,0,0,0,0
71071,17,oil,0,52.33114583,52.33114583,4.547185784
71071,17,solar,2347.180038,109.2825293,2456.462567,103.6366726
71071,17,waste_incineration,0.615836852,3496.771513,3497.38735,0.393212549
71071,17,wind,0,0,0,0
71071,18,ammonia_production,0,80.15818693,80.15818693,0
71071,18,biogas,62.40992193,7.746780447,70.15670237,0.306258704
71071,18,biomass,0,109.3269062,109.3269062,10.42116117
71071,18,coal,416.5832099,38.04787217,454.6310821,4.743208165
71071,18,coal_ccs,0,0,0,0
71071,18,gas,135.9834711,2574.092419,2710.07589,238.9285073
71071,18,gas_ccs,0,0,0,0
71071,18,geothermal,0,0,0,0
71071,18,hydrogen_electrolysis,0,84.11011228,84.11011228,0
71071,18,hydrogen_gasification,0,303.4733657,303.4733657,0
71071,18,hydrogen_reformation,0,93.85928407,93.85928407,0
71071,18,hydrogen_reformation_ccs,0,31.15035082,31.15035082,0
71071,18,hydropower,0,9.296188091,9.296188091,4.934391862
71071,18,natural_gas_liquefaction,0,6713.836135,6713.836135,0
71071,18,nuclear,2032.886802,215.7368896,2248.623691,66.89473399
71071,18,ocean,0,0,0,0
71071,18,oil,180.9387409,41.27520449,222.2139454,4.281136615
71071,18,solar,0,106.7865129,106.7865129,103.6366726
71071,18,waste_incineration,15.4855763,3535.689613,3551.175189,0.39757219
71071,18,wind,5120.9817,51.209817,5172.191517,22.76297871
71071,19,ammonia_production,0,80.15818693,80.15818693,0
71071,19,biogas,0,9.199174814,9.199174814,0.363259973
71071,19,biomass,0,119.3394485,119.3394485,11.64608117
71071,19,coal,0,36.69955942,36.69955942,4.438198971
71071,19,coal_ccs,0,0,0,0
71071,19,gas,0,2386.624924,2386.624924,223.564351
71071,19,gas_ccs,0,0,0,0
71071,19,geothermal,0,0,0,0
71071,19,hydrogen_electrolysis,0,102.7404371,102.7404371,0
71071,19,hydrogen_gasification,0,315.5160145,315.5160145,0
71071,19,hydrogen_reformation,0,93.85928407,93.85928407,0
71071,19,hydrogen_reformation_ccs,0,34.17770675,34.17770675,0
71071,19,hydropower,0,9.129569648,9.129569648,4.934391862
71071,19,natural_gas_liquefaction,0,6713.836135,6713.836135,0
71071,19,nuclear,2110.563235,219.6363479,2330.199583,68.08373119
71071,19,ocean,0,0,0,0
71071,19,oil,0,39.17250784,39.17250784,4.005840659
71071,19,solar,1503.283966,119.3803453,1622.664311,118.567106
71071,19,waste_incineration,0,3575.427583,3575.427583,0.402041457
71071,19,wind,1484.017076,64.88035392,1548.89743,29.51368324
71071,20,ammonia_production,0,80.15818693,80.15818693,0
71071,20,biogas,0,10.9029106,10.9029106,0.421959873
71071,20,biomass,137.7242856,94.32846396,232.0527496,9.057028911
71071,20,coal,0,35.29761252,35.29761252,4.122321189
71071,20,coal_ccs,0,0,0,0
71071,20,gas,0,2198.39211,2198.39211,207.6527139
71071,20,gas_ccs,0,0,0,0
71071,20,geothermal,0,0,0,0
71071,20,hydrogen_electrolysis,0,117.5527195,117.5527195,0
71071,20,hydrogen_gasification,0,315.5160145,315.5160145,0
71071,20,hydrogen_reformation,0,93.85928407,93.85928407,0
71071,20,hydrogen_reformation_ccs,0,34.17770675,34.17770675,0
71071,20,hydropower,0,8.966756776,8.966756776,4.934391862
71071,20,natural_gas_liquefaction,0,6713.836135,6713.836135,0
71071,20,nuclear,2192.027387,223.7523288,2415.779716,69.31862166
71071,20,ocean,0,0,0,0
71071,20,oil,0,36.97610971,36.97610971,3.720734904
71071,20,solar,0,116.6536944,116.6536944,118.567106
71071,20,waste_incineration,0,3616.238626,3616.238626,0.406631411
71071,20,wind,5656.144269,119.9599273,5776.104196,55.84454137
71071,21,ammonia_production,0,97.84013993,97.84013993,0
71071,21,biogas,0,12.35208623,12.35208623,0.482363208
71071,21,biomass,0,90.98808179,90.98808179,8.71147828
71071,21,coal,0,34.62649126,34.62649126,3.965043266
71071,21,coal_ccs,0,0,0,0
71071,21,gas,0,2076.315786,2076.315786,199.7301902
71071,21,gas_ccs,0,0,0,0
71071,21,geothermal,0,0,0,0
71071,21,hydrogen_electrolysis,0,156.7780976,156.7780976,0
71071,21,hydrogen_gasification,0,324.5964045,324.5964045,0
71071,21,hydrogen_reformation,0,93.85928407,93.85928407,0
71071,21,hydrogen_reformation_ccs,0,44.82341452,44.82341452,0
71071,21,hydropower,0,8.483898335,8.483898335,4.136069129
71071,21,natural_gas_liquefaction,0,7427.567829,7427.567829,0
71071,21,nuclear,7896.03533,238.2515063,8134.286837,73.76689582
71071,21,ocean,0,0,0,0
71071,21,oil,0,35.76429571,35.76429571,3.578778606
71071,21,solar,0,113.9893203,113.9893203,113.9421081
71071,21,waste_incineration,4.280622572,3658.28343,3662.564053,0.41135531
71071,21,wind,9877.131966,215.9913584,10093.12332,95.82957546
71071,22,ammonia_production,0,97.84013993,97.84013993,0
71071,22,biogas,0,13.92533725,13.92533725,0.544484599
71071,22,biomass,0,87.18206867,87.18206867,8.310444237
71071,22,coal,0,21.4172521,21.4172521,3.608588493
71071,22,coal_ccs,0,0,0,0
71071,22,gas,0,1880.476078,1880.476078,181.7745779
71071,22,gas_ccs,0,0,0,0
71071,22,geothermal,0,0,0,0
71071,22,hydrogen_electrolysis,0,180.2509527,180.2509527,0
71071,22,hydrogen_gasification,0,324.5964045,324.5964045,0
71071,22,hydrogen_reformation,0,93.85928407,93.85928407,0
71071,22,hydrogen_reformation_ccs,0,44.82341452,44.82341452,0
71071,22,hydropower,0,8.35937922,8.35937922,4.212362963
71071,22,natural_gas_liquefaction,0,7427.567829,7427.567829,0
71071,22,nuclear,2415.353472,242.7179221,2658.071394,75.12759825
71071,22,ocean,0,0,0,0
71071,22,oil,0,32.64344069,32.64344069,3.257048771
71071,22,solar,0,111.3858007,111.3858007,115.537085
71071,22,waste_incineration,0,3701.59403,3701.59403,0.416226385
71071,22,wind,4946.631205,260.524421,5207.155626,121.1598972
71071,23,ammonia_production,0,97.84013993,97.84013993,0
71071,23,biogas,0,15.9148497,15.9148497,0.608346885
71071,23,biomass,0,86.47639622,86.47639622,8.27097506
71071,23,coal,0,19.71698823,19.71698823,3.238791946
71071,23,coal_ccs,0,0,0,0
71071,23,gas,0,1683.295106,1683.295106,163.1469036
71071,23,gas_ccs,0,0,0,0
71071,23,geothermal,0,0,0,0
71071,23,hydrogen_electrolysis,0,204.5581685,204.5581685,0
71071,23,hydrogen_gasification,0,324.5964045,324.5964045,0
71071,23,hydrogen_reformation,0,93.85928407,93.85928407,0
71071,23,hydrogen_reformation_ccs,0,44.82341452,44.82341452,0
71071,23,hydropower,0,8.239603682,8.239603682,4.291598084
71071,23,natural_gas_liquefaction,0,7427.567829,7427.567829,0
71071,23,nuclear,2508.470391,247.4294426,2755.899834,76.5407586
71071,23,ocean,0,0,0,0
71071,23,oil,0,30.20696577,30.20696577,2.923276885
71071,23,solar,0,108.8417455,108.8417455,115.5064087
71071,23,waste_incineration,0,3746.301244,3746.301244,0.421254535
71071,23,wind,5873.6332,313.310367,6186.943567,148.7547198
71071,24,ammonia_production,0,97.84013993,97.84013993,0
71071,24,biogas,0,18.08498016,18.08498016,0.673979842
71071,24,biomass,0,84.89232103,84.89232103,8.127797129
71071,24,coal,0,17.93602455,17.93602455,2.854831638
71071,24,coal_ccs,0,0,0,0
71071,24,gas,0,1484.622485,1484.622485,143.8057614
71071,24,gas_ccs,0,0,0,0
71071,24,geothermal,0,0,0,0
71071,24,hydrogen_electrolysis,0,231.2522448,231.2522448,0
71071,24,hydrogen_gasification,0,324.5964045,324.5964045,0
71071,24,hydrogen_reformation,0,93.85928407,93.85928407,0
71071,24,hydrogen_reformation_ccs,0,44.82341452,44.82341452,0
71071,24,hydropower,0,8.124539029,8.124539029,4.373893849
71071,24,natural_gas_liquefaction,0,7427.567829,7427.567829,0
71071,24,nuclear,2605.366004,252.3229164,2857.688921,78.00850561
71071,24,ocean,0,0,0,0
71071,24,oil,0,26.8706248,26.8706248,2.576721035
71071,24,solar,0,106.3557966,106.3557966,110.6202756
71071,24,waste_incineration,0.943317361,3792.47399,3793.417307,0.42644645
71071,24,wind,6030.770943,366.4620578,6397.233,182.3644148
71071,25,ammonia_production,0,97.84013993,97.84013993,0
71071,25,biogas,8.679298344,20.37273286,29.05203121,0.741419347
71071,25,biomass,0,59.29344493,59.29344493,5.640771782
71071,25,coal,0,16.06758366,16.06758366,2.455839635
71071,25,coal_ccs,0,0,0,0
71071,25,gas,0,1284.043301,1284.043301,123.7074313
71071,25,gas_ccs,0,0,0,0
71071,25,geothermal,0,0,0,0
71071,25,hydrogen_electrolysis,0,259.46431,259.46431,0
71071,25,hydrogen_gasification,0,324.5964045,324.5964045,0
71071,25,hydrogen_reformation,0,93.85928407,93.85928407,0
71071,25,hydrogen_reformation_ccs,0,46.42313881,46.42313881,0
71071,25,hydropower,0,8.014156445,8.014156445,4.459374604
71071,25,natural_gas_liquefaction,0,7427.567829,7427.567829,0
71071,25,nuclear,2706.198218,257.4058336,2963.604052,79.533057
71071,25,ocean,0,0,0,0
71071,25,oil,0,24.76363114,24.76363114,2.216597842
71071,25,solar,0,103.9266268,103.9266268,113.0855096
71071,25,waste_incineration,5.643820239,3840.18994,3845.83376,0.431806641
71071,25,wind,6862.840995,426.7204628,7289.561457,212.0805056
71071,26,ammonia_production,0,109.6281086,109.6281086,0
71071,26,biogas,8.916487161,22.5162411,31.43272826,0.81070649
71071,26,biomass,315.3117031,48.01033531,363.3220384,4.58691472
71071,26,coal,0,14.3262693,14.3262693,2.087741568
71071,26,coal_ccs,0,0,0,0
71071,26,gas,0,1104.471987,1104.471987,105.1653141
71071,26,gas_ccs,0,0,0,0
71071,26,geothermal,0,0,0,0
71071,26,hydrogen_electrolysis,0,307.2666279,307.2666279,0
71071,26,hydrogen_gasification,0,343.6973338,343.6973338,0
71071,26,hydrogen_reformation,0,93.85928407,93.85928407,0
71071,26,hydrogen_reformation_ccs,0,51.04904056,51.04904056,0
71071,26,hydropower,0,7.95076611,7.95076611,4.652557761
71071,26,natural_gas_liquefaction,0,7427.567829,7427.567829,0
71071,26,nuclear,6115.901983,268.7150703,6384.617054,82.97848342
71071,26,ocean,0,0,0,0
71071,26,oil,0,21.72636786,21.72636786,1.884358973
71071,26,solar,0,101.5529394,101.5529394,98.48917213
71071,26,waste_incineration,1.064712764,3889.377457,3890.44217,0.437337486
71071,26,wind,8219.388011,499.168034,8718.556046,266.9299468
71071,27,ammonia_production,0,109.6281086,109.6281086,0
71071,27,biogas,19.425063,25.6762828,45.1013458,0.881887846
71071,27,biomass,0,44.54107132,44.54107132,4.204671827
71071,27,coal,0,12.21172146,12.21172146,1.64564972
71071,27,coal_ccs,0,0,0,0
71071,27,gas,0,892.0347489,892.0347489,82.89592559
71071,27,gas_ccs,0,0,0,0
71071,27,geothermal,0,0,0,0
71071,27,hydrogen_electrolysis,0,340.0423982,340.0423982,0
71071,27,hydrogen_gasification,0,343.6973338,343.6973338,0
71071,27,hydrogen_reformation,0,93.85928407,93.85928407,0
71071,27,hydrogen_reformation_ccs,0,52.72808964,52.72808964,0
71071,27,hydropower,0,7.850155745,7.850155745,4.745983182
71071,27,natural_gas_liquefaction,0,7427.567829,7427.567829,0
71071,27,nuclear,2957.714964,274.2724055,3231.98737,84.64472813
71071,27,ocean,0,0,0,0
71071,27,oil,0,17.76708716,17.76708716,1.485334614
71071,27,solar,0,99.23346703,99.23346703,93.77629783
71071,27,waste_incineration,18.14920855,3940.200602,3958.34981,0.44304353
71071,27,wind,6918.842285,556.9554432,7475.797728,304.7932324
71071,28,ammonia_production,0,109.6281086,109.6281086,0
71071,28,biogas,12.97824338,28.22340287,41.20164625,0.955014123
71071,28,biomass,0,44.34494412,44.34494412,4.204671827
71071,28,coal,0,9.992594623,9.992594623,1.185381849
71071,28,coal_ccs,0,0,0,0
71071,28,gas,0,678.5562153,678.5562153,59.71096056
71071,28,gas_ccs,0,0,0,0
71071,28,geothermal,0,0,0,0
71071,28,hydrogen_electrolysis,0,374.6013307,374.6013307,0
71071,28,hydrogen_gasification,0,343.6973338,343.6973338,0
71071,28,hydrogen_reformation,0,93.85928407,93.85928407,0
71071,28,hydrogen_reformation_ccs,0,54.45647913,54.45647913,0
71071,28,hydropower,0,7.754166463,7.754166463,4.843003053
71071,28,natural_gas_liquefaction,0,7427.567829,7427.567829,0
71071,28,nuclear,3071.510105,280.0439428,3351.554048,86.37507994
71071,28,ocean,0,0,0,0
71071,28,oil,0,13.59746644,13.59746644,1.069904895
71071,28,solar,0,96.96697151,96.96697151,93.16875332
71071,28,waste_incineration,10.93370954,3992.507446,4003.441156,0.448925009
71071,28,wind,7306.816694,617.3027303,7924.119424,339.4895338
71071,29,ammonia_production,0,109.6281086,109.6281086,0
71071,29,biogas,44.14091763,31.16083141,75.30174903,1.03013962
71071,29,biomass,0,37.65969479,37.65969479,3.445273568
71071,29,coal,0,7.646301152,7.646301152,0.705857571
71071,29,coal_ccs,0,0,0,0
71071,29,gas,0,456.7455876,456.7455876,35.5559971
71071,29,gas_ccs,0,0,0,0
71071,29,geothermal,0,0,0,0
71071,29,hydrogen_electrolysis,0,414.2024927,414.2024927,0
71071,29,hydrogen_gasification,0,343.6973338,343.6973338,0
71071,29,hydrogen_reformation,0,93.85928407,93.85928407,0
71071,29,hydrogen_reformation_ccs,0,56.2406087,56.2406087,0
71071,29,hydropower,33.60319939,7.67351438,41.27671377,4.943752874
71071,29,natural_gas_liquefaction,0,7427.567829,7427.567829,0
71071,29,nuclear,3189.594975,286.0378888,3475.632864,88.1719555
71071,29,ocean,0,0,0,0
71071,29,oil,0,8.934359805,8.934359805,0.637094681
71071,29,solar,0,94.75224282,94.75224282,78.24057678
71071,29,waste_incineration,23.76091587,4046.48513,4070.246046,0.454980141
71071,29,wind,7898.80291,682.1915455,8580.994455,390.6569595
71071,30,ammonia_production,0,109.6281086,109.6281086,0
71071,30,biogas,48.97891908,34.30191197,83.28083106,1.107320874
71071,30,biomass,0,34.19497962,34.19497962,3.061990768
71071,30,coal,0,5.187705214,5.187705214,0.205940651
71071,30,coal_ccs,0,0,0,0
71071,30,gas,0,216.1633283,216.1633283,10.37379988
71071,30,gas_ccs,0,0,0,0
71071,30,geothermal,0,0,0,0
71071,30,hydrogen_electrolysis,0,525.3044081,525.3044081,0
71071,30,hydrogen_gasification,0,402.1629004,402.1629004,0
71071,30,hydrogen_reformation,0,93.85928407,93.85928407,0
71071,30,hydrogen_reformation_ccs,0,58.0867681,58.0867681,0
71071,30,hydropower,375.4864205,7.703663307,383.1900838,5.048354006
71071,30,natural_gas_liquefaction,0,7427.567829,7427.567829,0
71071,30,nuclear,3311.521979,292.2616501,3603.783629,90.0375193
71071,30,ocean,0,0,0,0
71071,30,oil,0,3.954237871,3.954237871,0.185878425
71071,30,solar,0,92.17604191,92.17604191,87.24188416
71071,30,waste_incineration,28.40144842,4102.005673,4130.407121,0.461203969
71071,30,wind,7715.865965,743.7689287,8459.634894,418.9818703
71071,31,ammonia_production,0,109.6281086,109.6281086,0
71071,31,biogas,414.7236003,41.21829423,455.9418946,1.18661652
71071,31,biomass,2452.950436,86.03028488,2538.980721,6.276684763
71071,31,coal,0,4.165832099,4.165832099,0
71071,31,coal_ccs,0,0,0,0
71071,31,gas,0,122.4684395,122.4684395,0
71071,31,gas_ccs,0,0,0,0
71071,31,geothermal,0,0,0,0
71071,31,hydrogen_electrolysis,0,525.3044081,525.3044081,0
71071,31,hydrogen_gasification,0,584.5452472,584.5452472,0
71071,31,hydrogen_reformation,0,93.85928407,93.85928407,0
71071,31,hydrogen_reformation_ccs,0,60.00127715,60.00127715,0
71071,31,hydropower,404.8087115,7.743671583,412.5523831,5.161123596
71071,31,natural_gas_liquefaction,0,7427.567829,7427.567829,0
71071,31,nuclear,3570.123637,298.9656965,3869.089334,92.04876774
71071,31,ocean,0,0,0,0
71071,31,oil,0,1.901023492,1.901023492,0
71071,31,solar,0,89.9550831,89.9550831,82.42157591
71071,31,waste_incineration,49.65317739,4159.183645,4208.836823,0.467590487
71071,31,wind,5493.207852,781.7133014,6274.921153,443.0059611
71071,32,ammonia_production,0,109.6281086,109.6281086,0
71071,32,biogas,0,46.68611741,46.68611741,1.268088719
71071,32,biomass,0,92.784856,92.784856,7.153033045
71071,32,coal,0,4.165832099,4.165832099,0
71071,32,coal_ccs,0,0,0,0
71071,32,gas,0,122.4684395,122.4684395,0
71071,32,gas_ccs,0,0,0,0
71071,32,geothermal,0,0,0,0
71071,32,hydrogen_electrolysis,0,574.1222919,574.1222919,0
71071,32,hydrogen_gasification,0,603.9326835,603.9326835,0
71071,32,hydrogen_reformation,0,93.85928407,93.85928407,0
71071,32,hydrogen_reformation_ccs,0,61.99132145,61.99132145,0
71071,32,hydropower,430.7059532,7.791634595,438.4975878,5.28110751
71071,32,natural_gas_liquefaction,0,7427.567829,7427.567829,0
71071,32,nuclear,3798.518807,306.0956488,4104.614456,94.18868383
71071,32,ocean,0,0,0,0
71071,32,oil,0,1.901023492,1.901023492,0
71071,32,solar,0,87.87254623,87.87254623,86.54617079
71071,32,waste_incineration,0,4217.418584,4217.418584,0.474140778
71071,32,wind,1319.470143,777.0536464,2096.523789,450.4027285
71071,33,ammonia_production,0,109.6281086,109.6281086,0
71071,33,biogas,0,50.49104269,50.49104269,1.351800491
71071,33,biomass,0,105.1553093,105.1553093,8.684160053
71071,33,coal,0,4.165832099,4.165832099,0
71071,33,coal_ccs,0,0,0,0
71071,33,gas,0,122.4684395,122.4684395,0
71071,33,gas_ccs,0,0,0,0
71071,33,geothermal,0,0,0,0
71071,33,hydrogen_electrolysis,0,626.9616209,626.9616209,0
71071,33,hydrogen_gasification,0,624.1220011,624.1220011,0
71071,33,hydrogen_reformation,0,93.85928407,93.85928407,0
71071,33,hydrogen_reformation_ccs,0,64.06367573,64.06367573,0
71071,33,hydropower,447.4090463,7.843433083,455.2524793,5.405744488
71071,33,natural_gas_liquefaction,0,7427.567829,7427.567829,0
71071,33,nuclear,3945.828156,313.5035277,4259.331683,96.41158744
71071,33,ocean,0,0,0,0
71071,33,oil,0,1.901023492,1.901023492,0
71071,33,solar,0,85.77875563,85.77875563,85.17608105
71071,33,waste_incineration,0,4277.054049,4277.054049,0.48084868
71071,33,wind,1324.824815,772.5539647,2097.37878,463.1196907
71071,34,ammonia_production,0,109.6281086,109.6281086,0
71071,34,biogas,0,53.42770333,53.42770333,1.437816723
71071,34,biomass,0,114.7986507,114.7986507,9.89443428
71071,34,coal,0,4.165832099,4.165832099,0
71071,34,coal_ccs,0,0,0,0
71071,34,gas,0,122.4684395,122.4684395,0
71071,34,gas_ccs,0,0,0,0
71071,34,geothermal,0,0,0,0
71071,34,hydrogen_electrolysis,0,690.7182932,690.7182932,0
71071,34,hydrogen_gasification,0,645.1845186,645.1845186,0
71071,34,hydrogen_reformation,0,93.85928407,93.85928407,0
71071,34,hydrogen_reformation_ccs,0,66.22566054,66.22566054,0
71071,34,hydropower,464.8967761,7.899179237,472.7959554,5.535253111
71071,34,natural_gas_liquefaction,0,7427.567829,7427.567829,0
71071,34,nuclear,4100.05744,321.2025792,4421.260019,98.72137695
71071,34,ocean,0,0,0,0
71071,34,oil,0,1.809387409,1.809387409,0
71071,34,solar,0,83.43105724,83.43105724,78.63773819
71071,34,waste_incineration,0,4338.063962,4338.063962,0.487711186
71071,34,wind,1569.083168,770.5996395,2339.682807,481.8286931
71071,35,ammonia_production,0,109.6281086,109.6281086,0
71071,35,biogas,0,56.72424233,56.72424233,1.526201441
71071,35,biomass,0,121.9009611,121.9009611,10.80566114
71071,35,coal,0,4.165832099,4.165832099,0
71071,35,coal_ccs,0,0,0,0
71071,35,gas,0,122.4684395,122.4684395,0
71071,35,gas_ccs,0,0,0,0
71071,35,geothermal,0,0,0,0
71071,35,hydrogen_electrolysis,0,756.5396664,756.5396664,0
71071,35,hydrogen_gasification,0,663.7929041,663.7929041,0
71071,35,hydrogen_reformation,0,93.85928407,93.85928407,0
71071,35,hydrogen_reformation_ccs,0,68.48434596,68.48434596,0
71071,35,hydropower,483.0618577,7.958933538,491.0207912,5.669822072
71071,35,natural_gas_liquefaction,0,7427.567829,7427.567829,0
71071,35,nuclear,4260.260482,329.2042562,4589.464738,101.1214177
71071,35,ocean,0,0,0,0
71071,35,oil,0,1.809387409,1.809387409,0
71071,35,solar,0,81.52548926,81.52548926,65.37917869
71071,35,waste_incineration,0,4400.373702,4400.373702,0.494719924
71071,35,wind,1914.326162,772.142381,2686.468543,508.0794916
