primary_id,time_period,vehicle_distance_traveled_total_vkm,switched_from_diesel_vkm,switched_from_gasoline_vkm,switched_to_electricity_vkm,fuel_switch_cost_$,fuel_switch_savings_$,fuel_switch_net_cost_$
0,6,96101836682.03,0.0,0.0,0.0,3472916.633246021,1068589.733306468,2404326.899939553
0,7,98705121544.9685,0.0,0.0,0.0,3566993.828997133,1097536.5627683485,2469457.2662287843
0,8,101640198748.887,0.0,0.0,0.0,3673061.296521984,1130172.7066221489,2542888.589899835
0,9,104909828660.297,0.0,0.0,0.0,3791218.7896140777,1166528.8583427933,2624689.9312712844
0,10,108467733389.824,0.0,0.0,0.0,3919793.9234646624,1206090.437989127,2713703.4854755355
0,11,112277488643.501,0.0,0.0,0.0,4057470.401312513,1248452.431173081,2809017.9701394318
0,12,116322952084.888,0.0,0.0,0.0,4203664.873341878,1293435.3456436547,2910229.5276982235
0,13,120588979708.408,0.0,0.0,0.0,4357830.067297842,1340870.7899377977,3016959.2773600444
0,14,125069189575.058,0.0,0.0,0.0,4519735.353435117,1390687.8010569592,3129047.5523781576
0,15,129760814861.414,0.0,0.0,0.0,4689280.74462107,1442855.6137295603,3246425.13089151
0,16,134669763581.641,0.0,0.0,0.0,4866679.74396211,1497439.921219111,3369239.822742999
0,17,139814938579.235,0.0,0.0,0.0,5052615.460146471,1554650.9108142985,3497964.5493321726
0,18,145218266562.45,0.0,0.0,0.0,5247880.277923882,1614732.3932073484,3633147.8847165336
0,19,150907593442.467,0.0,0.0,0.0,5453480.489488614,1677993.9967657274,3775486.4927228866
0,20,156907311173.955,0.0,0.0,0.0,5670297.568369292,1744706.9441136282,3925590.6242556637
0,21,163245524576.627,0.0,0.0,0.0,5899347.163165627,1815183.7425125006,4084163.420653126
0,22,169951889268.153,0.0,0.0,0.0,6141700.965027663,1889754.1430854348,4251946.821942228
0,23,177053956110.348,0.0,0.0,0.0,6398354.603691117,1968724.4934434206,4429630.110247696
0,24,184576422331.901,0.0,0.0,0.0,6670200.584640489,2052369.4106586121,4617831.173981877
0,25,192542409989.636,0.0,0.0,0.0,6958074.489988579,2140945.996919563,4817128.493069016
0,26,200972996974.078,0.0,0.0,0.0,7262738.030011961,2234688.624619065,5028049.405392896
0,27,209892742445.093,0.0,0.0,0.0,7585078.720680584,2333870.375594026,5251208.345086558
0,28,219321106915.722,0.0,0.0,0.0,7925799.823677734,2438707.6380546875,5487092.185623046
0,29,229274052009.896,0.0,0.0,0.0,8285478.158252215,2549377.8948468356,5736100.263405379
0,30,239762427615.657,0.0,0.0,0.0,8664505.816355135,2666001.7896477343,5998504.0267074015
0,31,250794597587.58,0.0,0.0,0.0,9063185.049958723,2788672.323064222,6274512.726894501
0,32,262392084427.072,0.0,0.0,0.0,9482293.636634203,2917628.811272063,6564664.82536214
0,33,274563238359.186,0.0,0.0,0.0,9922133.335811779,3052964.103326701,6869169.232485078
0,34,287320726980.709,0.0,0.0,0.0,10383161.927582894,3194819.05464089,7188342.872942003
0,35,300668048539.768,0.0,0.0,0.0,10865505.831218265,3343232.563451774,7522273.267766491
71071,6,96101836682.03,0.0,0.0,0.0,3472916.633246021,1068589.733306468,2404326.899939553
71071,7,98705121544.9685,0.0,0.0,0.0,3566993.828997133,1097536.5627683485,2469457.2662287843
71071,8,101640198748.887,0.0,0.0,0.0,3673061.296521984,1130172.7066221489,2542888.589899835
71071,9,104909828660.297,0.0,0.0,0.0,3791218.7896140777,1166528.8583427933,2624689.9312712844
71071,10,108467733389.824,0.0,0.0,0.0,3919793.9234646624,1206090.437989127,2713703.4854755355
71071,11,112277488643.501,0.0,0.0,0.0,4057470.401312513,1248452.431173081,2809017.9701394318
71071,12,116322952084.888,0.0,0.0,0.0,4203664.873341878,1293435.3456436547,2910229.5276982235
71071,13,118248161242.055,54130061.40269433,1743631106.6088226,1797761168.011495,74385923.40311553,22887976.431727856,51497946.97138767
71071,14,120251411327.657,110094164.85727146,3546340157.887286,3656434322.744537,146946569.64872944,45214329.122685984,101732240.52604346
71071,15,122321248065.242,167983753.8041124,5411072719.071999,5579056472.8760805,222003633.01531798,68308810.15855938,153694822.8567586
71071,16,124454746036.111,227884915.04743606,7340601808.07234,7568486723.119732,299668512.8682821,92205696.26716372,207462816.60111836
71071,17,126660615336.785,289905010.50783455,9338385754.318521,9628290764.826302,380080585.93472546,116947872.59530014,263132713.33942533
71071,18,128949190527.595,354171812.6236395,11408540348.413214,11762712161.0368,463405724.6423478,142586376.8130301,320819347.8293177
71071,19,131334728258.741,420844584.9131291,13556195767.884796,13977040352.79786,549850732.3970805,169184840.73756325,380665891.6595173
71071,20,133826949947.427,490092087.1426982,15786788082.277712,16276880169.420345,639634548.853455,196810630.41644767,442823918.4370073
71071,21,136437393640.691,562108363.9725568,18106567835.131836,18668676199.10433,733008929.9118321,225541209.20364067,507467720.7081914
71071,22,139177385516.878,637107617.1300514,20522434867.038746,21159542484.16873,830251732.5267226,255462071.54668388,574789660.9800386
71071,23,142055041325.254,715308621.428118,23041436326.279697,23756744947.707737,931646620.9847723,286660498.7645453,644986122.220227
71071,24,145074914851.796,796925445.5813621,25670467768.855637,26467393214.436916,1037471035.2140591,319221856.98894125,718249178.2251179
71071,25,148239269494.04,882166866.5653424,28416254293.898083,29298421160.463345,1147995478.177147,353229377.90066063,794766100.2764863
71071,26,151547898218.231,971229973.4531761,31285144511.213272,32256374484.666355,1263475224.6485696,388761607.5841752,874713617.0643944
71071,27,155002406839.499,1064323924.1510354,34283875790.425354,35348199714.576294,1384181247.2327642,425901922.22546595,958279325.0072982
71071,28,158599779775.737,1161626968.5769324,37418189896.714645,38579816865.29148,1510344317.5418215,464721328.4744066,1045622989.0674149
71071,29,162333942298.896,1263288028.5441175,40692883881.83588,41956171910.379906,1642157109.0171003,505279110.4668001,1136877998.5503001
71071,30,166194933865.116,1369412884.2928329,44111365126.31981,45480778010.61254,1779756274.9757307,547617315.3771479,1232138959.5985827
71071,31,170171085938.094,1480074222.2685232,47675974997.31106,49156049219.579475,1923235541.8315625,591764782.1020193,1331470759.7295432
71071,32,174259600695.319,1595404577.3846695,51390982693.69598,52986387271.08053,2072766476.0954146,637774300.3370507,1434992175.758364
71071,33,178448508493.192,1715443191.930891,55257652283.44514,56973095475.3761,2228399474.3099,685661376.7107384,1542738097.5991614
71071,34,182728743233.67,1840236632.2008512,59277483754.47776,61117720386.6785,2390194524.459736,735444469.0645341,1654750055.3952017
71071,35,187085457115.598,1969753990.433636,63449481509.6713,65419235500.10483,2558111056.2864347,787111094.24198,1770999962.0444546
